[{"model": "admin.logentry", "pk": 1, "fields": {"action_time": "2021-05-25T18:57:40.744Z", "user": 1, "content_type": 7, "object_id": "1", "object_repr": "fitness_for_all.example.com", "action_flag": 2, "change_message": "[{\"changed\": {\"fields\": [\"Domain name\", \"Display name\"]}}]"}}, {"model": "admin.logentry", "pk": 2, "fields": {"action_time": "2021-05-25T19:16:39.685Z", "user": 1, "content_type": 8, "object_id": "1", "object_repr": "admin@ffa.com", "action_flag": 2, "change_message": "[{\"changed\": {\"fields\": [\"Verified\", \"Primary\"]}}]"}}, {"model": "admin.logentry", "pk": 3, "fields": {"action_time": "2021-05-29T18:01:16.133Z", "user": 1, "content_type": 13, "object_id": "1", "object_repr": "equipment", "action_flag": 1, "change_message": "[{\"added\": {}}]"}}, {"model": "admin.logentry", "pk": 4, "fields": {"action_time": "2021-05-29T18:08:39.615Z", "user": 1, "content_type": 14, "object_id": "1", "object_repr": "Body Power SP.IC20 Indoor Studio Cycle", "action_flag": 1, "change_message": "[{\"added\": {}}]"}}, {"model": "admin.logentry", "pk": 5, "fields": {"action_time": "2021-05-29T18:08:49.659Z", "user": 1, "content_type": 14, "object_id": "1", "object_repr": "Body Power SP.IC20 Indoor Studio Cycle", "action_flag": 2, "change_message": "[]"}}, {"model": "admin.logentry", "pk": 6, "fields": {"action_time": "2021-05-29T18:13:27.637Z", "user": 1, "content_type": 14, "object_id": "1", "object_repr": "Body Power SP.IC20 Indoor Studio Cycle", "action_flag": 2, "change_message": "[]"}}, {"model": "admin.logentry", "pk": 7, "fields": {"action_time": "2021-05-29T18:38:37.624Z", "user": 1, "content_type": 13, "object_id": "2", "object_repr": "clothing", "action_flag": 1, "change_message": "[{\"added\": {}}]"}}, {"model": "admin.logentry", "pk": 8, "fields": {"action_time": "2021-05-29T18:38:56.425Z", "user": 1, "content_type": 13, "object_id": "3", "object_repr": "accessories", "action_flag": 1, "change_message": "[{\"added\": {}}]"}}, {"model": "admin.logentry", "pk": 9, "fields": {"action_time": "2021-05-29T18:39:15.719Z", "user": 1, "content_type": 13, "object_id": "4", "object_repr": "nutrition", "action_flag": 1, "change_message": "[{\"added\": {}}]"}}, {"model": "admin.logentry", "pk": 10, "fields": {"action_time": "2021-05-29T18:42:15.751Z", "user": 1, "content_type": 14, "object_id": "2", "object_repr": "Jordan Fitness 6kg Cast Iron Kettlebell", "action_flag": 1, "change_message": "[{\"added\": {}}]"}}, {"model": "admin.logentry", "pk": 11, "fields": {"action_time": "2021-05-29T18:43:25.374Z", "user": 1, "content_type": 14, "object_id": "3", "object_repr": "Body Power 65Kg Olympic Dumbbell Set", "action_flag": 1, "change_message": "[{\"added\": {}}]"}}, {"model": "admin.logentry", "pk": 12, "fields": {"action_time": "2021-05-29T18:43:49.873Z", "user": 1, "content_type": 14, "object_id": "2", "object_repr": "Jordan Fitness 6kg Cast Iron Kettlebell", "action_flag": 2, "change_message": "[{\"changed\": {\"fields\": [\"Sku\"]}}]"}}, {"model": "admin.logentry", "pk": 13, "fields": {"action_time": "2021-05-29T18:44:10.132Z", "user": 1, "content_type": 14, "object_id": "3", "object_repr": "Body Power 65Kg Olympic Dumbbell Set", "action_flag": 2, "change_message": "[{\"changed\": {\"fields\": [\"Sku\"]}}]"}}, {"model": "admin.logentry", "pk": 14, "fields": {"action_time": "2021-05-29T18:45:04.741Z", "user": 1, "content_type": 14, "object_id": "4", "object_repr": "Body Power 85Kg Cast Iron TRI-GRIP Olympic Weight Set (6ft Bar)", "action_flag": 1, "change_message": "[{\"added\": {}}]"}}, {"model": "admin.logentry", "pk": 15, "fields": {"action_time": "2021-05-29T18:46:12.096Z", "user": 1, "content_type": 14, "object_id": "5", "object_repr": "Bowflex Xtreme 2 SE Home Gym", "action_flag": 1, "change_message": "[{\"added\": {}}]"}}, {"model": "admin.logentry", "pk": 16, "fields": {"action_time": "2021-05-29T18:47:02.467Z", "user": 1, "content_type": 14, "object_id": "6", "object_repr": "https://www.fitness-superstore.co.uk/bh-fitness-pioneer-r3-tredamill.html", "action_flag": 1, "change_message": "[{\"added\": {}}]"}}, {"model": "admin.logentry", "pk": 17, "fields": {"action_time": "2021-05-29T18:47:52.409Z", "user": 1, "content_type": 14, "object_id": "7", "object_repr": "BH Fitness MYCRON C170 Cross Trainer with I-Concept Technology", "action_flag": 1, "change_message": "[{\"added\": {}}]"}}, {"model": "admin.logentry", "pk": 18, "fields": {"action_time": "2021-05-29T18:49:37.308Z", "user": 1, "content_type": 14, "object_id": "8", "object_repr": "JOMA WOMEN'S RECORD II VEST (YELLOW)", "action_flag": 1, "change_message": "[{\"added\": {}}]"}}, {"model": "admin.logentry", "pk": 19, "fields": {"action_time": "2021-05-29T18:52:00.401Z", "user": 1, "content_type": 14, "object_id": "9", "object_repr": "JOMA GIRLS (KIDS) VEST (GREEN)", "action_flag": 1, "change_message": "[{\"added\": {}}]"}}, {"model": "admin.logentry", "pk": 20, "fields": {"action_time": "2021-05-29T18:54:27.496Z", "user": 1, "content_type": 14, "object_id": "10", "object_repr": "NEW BALANCE MEN’S BLACK IMPACT RUN 5 INCH SHORTS", "action_flag": 1, "change_message": "[{\"added\": {}}]"}}, {"model": "admin.logentry", "pk": 21, "fields": {"action_time": "2021-05-29T18:55:21.331Z", "user": 1, "content_type": 14, "object_id": "11", "object_repr": "NEW BALANCE MEN’S BLUE IMPACT RUN T-SHIRT", "action_flag": 1, "change_message": "[{\"added\": {}}]"}}, {"model": "admin.logentry", "pk": 22, "fields": {"action_time": "2021-05-29T18:56:25.826Z", "user": 1, "content_type": 14, "object_id": "12", "object_repr": "NEW BALANCE WOMEN’S ACCELERATE COLORBLOCK TIGHTS", "action_flag": 1, "change_message": "[{\"added\": {}}]"}}, {"model": "admin.logentry", "pk": 23, "fields": {"action_time": "2021-05-29T18:59:01.895Z", "user": 1, "content_type": 14, "object_id": "13", "object_repr": "NEW BALANCE MEN’S R.W.T LIGHTWEIGHT WOVEN JACKET", "action_flag": 1, "change_message": "[{\"added\": {}}]"}}, {"model": "admin.logentry", "pk": 24, "fields": {"action_time": "2021-05-29T19:00:08.832Z", "user": 1, "content_type": 14, "object_id": "14", "object_repr": "NEW BALANCE TENACITY DARK TEAL TRAINING T-SHIRT", "action_flag": 1, "change_message": "[{\"added\": {}}]"}}, {"model": "admin.logentry", "pk": 25, "fields": {"action_time": "2021-05-29T19:00:30.621Z", "user": 1, "content_type": 14, "object_id": "6", "object_repr": "BH Fitness Pioneer R3 Folding Treadmill", "action_flag": 2, "change_message": "[{\"changed\": {\"fields\": [\"Name\"]}}]"}}, {"model": "admin.logentry", "pk": 26, "fields": {"action_time": "2021-05-29T19:01:45.415Z", "user": 1, "content_type": 14, "object_id": "15", "object_repr": "Body Power 4ft x 3ft Floor Protector Mat", "action_flag": 1, "change_message": "[{\"added\": {}}]"}}, {"model": "admin.logentry", "pk": 27, "fields": {"action_time": "2021-05-29T19:03:43.051Z", "user": 1, "content_type": 14, "object_id": "16", "object_repr": "Bowflex Bluetooth Heart Rate Armband", "action_flag": 1, "change_message": "[{\"added\": {}}]"}}, {"model": "admin.logentry", "pk": 28, "fields": {"action_time": "2021-05-29T19:04:29.533Z", "user": 1, "content_type": 14, "object_id": "17", "object_repr": "Body Power 55cm Gym Ball With Pump (300Kg Burst Resistant) Grey", "action_flag": 1, "change_message": "[{\"added\": {}}]"}}, {"model": "admin.logentry", "pk": 29, "fields": {"action_time": "2021-05-29T19:26:45.431Z", "user": 1, "content_type": 14, "object_id": "18", "object_repr": "Body Power Mini Bands (Set of 4)", "action_flag": 1, "change_message": "[{\"added\": {}}]"}}, {"model": "admin.logentry", "pk": 30, "fields": {"action_time": "2021-05-29T19:29:10.116Z", "user": 1, "content_type": 14, "object_id": "19", "object_repr": "Body Power Hydration Water Bottle", "action_flag": 1, "change_message": "[{\"added\": {}}]"}}, {"model": "admin.logentry", "pk": 31, "fields": {"action_time": "2021-05-29T19:30:35.261Z", "user": 1, "content_type": 14, "object_id": "20", "object_repr": "Installation Options Expert install on treadmills & more Trust the Experts In business for over 25 years Free Delivery Over £199 to mainland UK Fitness-MAD Hi-Speed 2 way Power Pump", "action_flag": 1, "change_message": "[{\"added\": {}}]"}}, {"model": "admin.logentry", "pk": 32, "fields": {"action_time": "2021-05-29T19:31:14.860Z", "user": 1, "content_type": 14, "object_id": "20", "object_repr": "Fitness-MAD Hi-Speed 2 way Power Pump", "action_flag": 2, "change_message": "[{\"changed\": {\"fields\": [\"Name\", \"Image\"]}}]"}}, {"model": "admin.logentry", "pk": 33, "fields": {"action_time": "2021-05-29T19:33:07.061Z", "user": 1, "content_type": 14, "object_id": "21", "object_repr": "Reebok Step", "action_flag": 1, "change_message": "[{\"added\": {}}]"}}, {"model": "admin.logentry", "pk": 34, "fields": {"action_time": "2021-05-29T19:34:54.920Z", "user": 1, "content_type": 14, "object_id": "22", "object_repr": "Protein Brownie (box of 12)", "action_flag": 1, "change_message": "[{\"added\": {}}]"}}, {"model": "admin.logentry", "pk": 35, "fields": {"action_time": "2021-05-29T19:36:22.474Z", "user": 1, "content_type": 14, "object_id": "23", "object_repr": "Vegan Vitamin D3 Softgels", "action_flag": 1, "change_message": "[{\"added\": {}}]"}}, {"model": "admin.logentry", "pk": 36, "fields": {"action_time": "2021-05-29T19:37:53.954Z", "user": 1, "content_type": 14, "object_id": "24", "object_repr": "Creatine Monohydrate Tablets", "action_flag": 1, "change_message": "[{\"added\": {}}]"}}, {"model": "admin.logentry", "pk": 37, "fields": {"action_time": "2021-05-29T19:39:56.166Z", "user": 1, "content_type": 14, "object_id": "25", "object_repr": "Pure Caffeine Tablets", "action_flag": 1, "change_message": "[{\"added\": {}}]"}}, {"model": "admin.logentry", "pk": 38, "fields": {"action_time": "2021-05-29T19:40:10.304Z", "user": 1, "content_type": 14, "object_id": "25", "object_repr": "Pure Caffeine Tablets", "action_flag": 2, "change_message": "[{\"changed\": {\"fields\": [\"Image\"]}}]"}}, {"model": "admin.logentry", "pk": 39, "fields": {"action_time": "2021-05-29T19:41:23.189Z", "user": 1, "content_type": 14, "object_id": "26", "object_repr": "All-Natural Peanut Butter", "action_flag": 1, "change_message": "[{\"added\": {}}]"}}, {"model": "admin.logentry", "pk": 40, "fields": {"action_time": "2021-05-29T19:42:35.269Z", "user": 1, "content_type": 14, "object_id": "27", "object_repr": "Vegan Protein Blend", "action_flag": 1, "change_message": "[{\"added\": {}}]"}}, {"model": "admin.logentry", "pk": 41, "fields": {"action_time": "2021-05-30T07:15:24.612Z", "user": 1, "content_type": 14, "object_id": "26", "object_repr": "All-Natural Peanut Butter", "action_flag": 2, "change_message": "[{\"changed\": {\"fields\": [\"Image\"]}}]"}}, {"model": "admin.logentry", "pk": 42, "fields": {"action_time": "2021-05-30T07:35:05.605Z", "user": 1, "content_type": 14, "object_id": "26", "object_repr": "All-Natural Peanut Butter", "action_flag": 2, "change_message": "[{\"changed\": {\"fields\": [\"Image url\"]}}]"}}, {"model": "admin.logentry", "pk": 43, "fields": {"action_time": "2021-05-31T09:59:53.181Z", "user": 1, "content_type": 16, "object_id": "1", "object_repr": "hiit", "action_flag": 1, "change_message": "[{\"added\": {}}]"}}, {"model": "admin.logentry", "pk": 44, "fields": {"action_time": "2021-05-31T10:07:02.997Z", "user": 1, "content_type": 16, "object_id": "2", "object_repr": "toning", "action_flag": 1, "change_message": "[{\"added\": {}}]"}}, {"model": "admin.logentry", "pk": 45, "fields": {"action_time": "2021-05-31T10:07:11.873Z", "user": 1, "content_type": 16, "object_id": "3", "object_repr": "cardio", "action_flag": 1, "change_message": "[{\"added\": {}}]"}}, {"model": "admin.logentry", "pk": 46, "fields": {"action_time": "2021-05-31T10:07:28.738Z", "user": 1, "content_type": 16, "object_id": "4", "object_repr": "strength", "action_flag": 1, "change_message": "[{\"added\": {}}]"}}, {"model": "admin.logentry", "pk": 47, "fields": {"action_time": "2021-05-31T10:12:11.151Z", "user": 1, "content_type": 15, "object_id": "1", "object_repr": "20 Minute Toning Body Workout for Women", "action_flag": 1, "change_message": "[{\"added\": {}}]"}}, {"model": "admin.logentry", "pk": 48, "fields": {"action_time": "2021-05-31T10:30:11.423Z", "user": 1, "content_type": 15, "object_id": "1", "object_repr": "20 Minute Toning Body Workout for Women", "action_flag": 2, "change_message": "[{\"changed\": {\"fields\": [\"Video url\"]}}]"}}, {"model": "admin.logentry", "pk": 49, "fields": {"action_time": "2021-05-31T10:31:05.540Z", "user": 1, "content_type": 15, "object_id": "1", "object_repr": "20 Minute Toning Body Workout for Women", "action_flag": 2, "change_message": "[{\"changed\": {\"fields\": [\"Video url\"]}}]"}}, {"model": "admin.logentry", "pk": 50, "fields": {"action_time": "2021-05-31T10:54:53.052Z", "user": 1, "content_type": 15, "object_id": "2", "object_repr": "Ultimate Pilates Toning Workout | 30 Minutes Abs, Glutes, Back", "action_flag": 1, "change_message": "[{\"added\": {}}]"}}, {"model": "admin.logentry", "pk": 51, "fields": {"action_time": "2021-05-31T10:58:11.843Z", "user": 1, "content_type": 15, "object_id": "3", "object_repr": "Glutes, Thighs, and Abs, Toning Workout", "action_flag": 1, "change_message": "[{\"added\": {}}]"}}, {"model": "admin.logentry", "pk": 52, "fields": {"action_time": "2021-05-31T11:01:21.104Z", "user": 1, "content_type": 15, "object_id": "2", "object_repr": "Ultimate Pilates Toning Workout | 30 Minutes Abs, Glutes, Back", "action_flag": 2, "change_message": "[]"}}, {"model": "admin.logentry", "pk": 53, "fields": {"action_time": "2021-05-31T11:13:04.090Z", "user": 1, "content_type": 15, "object_id": "4", "object_repr": "30 MIN ARMS & ABS WORKOUT || At-Home Pilates", "action_flag": 1, "change_message": "[{\"added\": {}}]"}}, {"model": "admin.logentry", "pk": 54, "fields": {"action_time": "2021-05-31T11:20:23.601Z", "user": 1, "content_type": 15, "object_id": "5", "object_repr": "30 Minute Beginner Weight Training for Beginners", "action_flag": 1, "change_message": "[{\"added\": {}}]"}}, {"model": "admin.logentry", "pk": 55, "fields": {"action_time": "2021-05-31T11:21:15.711Z", "user": 1, "content_type": 15, "object_id": "6", "object_repr": "otal Body Strength Training Without Weights for Women", "action_flag": 1, "change_message": "[{\"added\": {}}]"}}, {"model": "admin.logentry", "pk": 56, "fields": {"action_time": "2021-05-31T11:22:40.345Z", "user": 1, "content_type": 15, "object_id": "7", "object_repr": "20 MIN FULL BODY WORKOUT With Weights", "action_flag": 1, "change_message": "[{\"added\": {}}]"}}, {"model": "admin.logentry", "pk": 57, "fields": {"action_time": "2021-05-31T11:24:53.800Z", "user": 1, "content_type": 15, "object_id": "8", "object_repr": "Killer FULL BODY Workout // Strength Workout From Home", "action_flag": 1, "change_message": "[{\"added\": {}}]"}}, {"model": "admin.logentry", "pk": 58, "fields": {"action_time": "2021-05-31T11:25:55.503Z", "user": 1, "content_type": 15, "object_id": "9", "object_repr": "Full body HIIT Workout with Weights", "action_flag": 1, "change_message": "[{\"added\": {}}]"}}, {"model": "admin.logentry", "pk": 59, "fields": {"action_time": "2021-05-31T11:27:23.188Z", "user": 1, "content_type": 15, "object_id": "10", "object_repr": "https://www.youtube.com/watch?v=S2_WWmxZI3g", "action_flag": 1, "change_message": "[{\"added\": {}}]"}}, {"model": "admin.logentry", "pk": 60, "fields": {"action_time": "2021-05-31T11:29:43.022Z", "user": 1, "content_type": 15, "object_id": "6", "object_repr": "Total Body Strength Training Without Weights for Women", "action_flag": 2, "change_message": "[{\"changed\": {\"fields\": [\"Name\"]}}]"}}, {"model": "admin.logentry", "pk": 61, "fields": {"action_time": "2021-05-31T11:30:23.177Z", "user": 1, "content_type": 15, "object_id": "6", "object_repr": "Total Body Strength Training Without Weights for Women", "action_flag": 2, "change_message": "[{\"changed\": {\"fields\": [\"Video url\"]}}]"}}, {"model": "admin.logentry", "pk": 62, "fields": {"action_time": "2021-05-31T11:31:49.000Z", "user": 1, "content_type": 15, "object_id": "10", "object_repr": "20 Min Home Strength Training Exercise | Home Strength Workout for Men & Women at Home", "action_flag": 2, "change_message": "[{\"changed\": {\"fields\": [\"Name\"]}}]"}}, {"model": "admin.logentry", "pk": 63, "fields": {"action_time": "2021-05-31T11:32:06.001Z", "user": 1, "content_type": 15, "object_id": "10", "object_repr": "20 Min Home Strength Workout for Men & Women at Home", "action_flag": 2, "change_message": "[{\"changed\": {\"fields\": [\"Name\"]}}]"}}, {"model": "admin.logentry", "pk": 64, "fields": {"action_time": "2021-05-31T11:36:23.381Z", "user": 1, "content_type": 15, "object_id": "11", "object_repr": "30-Minute HIIT Cardio Workout with Warm Up", "action_flag": 1, "change_message": "[{\"added\": {}}]"}}, {"model": "admin.logentry", "pk": 65, "fields": {"action_time": "2021-05-31T11:37:26.085Z", "user": 1, "content_type": 15, "object_id": "12", "object_repr": "30 MIN CALORIE KILLER HIIT Workout", "action_flag": 1, "change_message": "[{\"added\": {}}]"}}, {"model": "admin.logentry", "pk": 66, "fields": {"action_time": "2021-05-31T11:40:09.496Z", "user": 1, "content_type": 15, "object_id": "13", "object_repr": "No Equipment INTENSE FULL BODY CRUSHER - HIIT WORKOUT", "action_flag": 1, "change_message": "[{\"added\": {}}]"}}, {"model": "admin.logentry", "pk": 67, "fields": {"action_time": "2021-05-31T11:46:53.844Z", "user": 1, "content_type": 15, "object_id": "14", "object_repr": "15 MIN BEGINNER CARDIO Workout (At Home No Equipment)", "action_flag": 1, "change_message": "[{\"added\": {}}]"}}, {"model": "admin.logentry", "pk": 68, "fields": {"action_time": "2021-05-31T11:47:59.925Z", "user": 1, "content_type": 15, "object_id": "15", "object_repr": "30-Minute Standing Cardio Workout", "action_flag": 1, "change_message": "[{\"added\": {}}]"}}, {"model": "admin.logentry", "pk": 69, "fields": {"action_time": "2021-05-31T11:49:09.023Z", "user": 1, "content_type": 15, "object_id": "16", "object_repr": "25 minute interval cardio workout from home", "action_flag": 1, "change_message": "[{\"added\": {}}]"}}, {"model": "admin.logentry", "pk": 70, "fields": {"action_time": "2021-05-31T11:51:18.077Z", "user": 1, "content_type": 15, "object_id": "17", "object_repr": "Low impact cardio workout for ALL fitness levels", "action_flag": 1, "change_message": "[{\"added\": {}}]"}}, {"model": "admin.logentry", "pk": 71, "fields": {"action_time": "2021-05-31T11:52:34.112Z", "user": 1, "content_type": 15, "object_id": "14", "object_repr": "15 MIN BEGINNER CARDIO Workout", "action_flag": 2, "change_message": "[{\"changed\": {\"fields\": [\"Name\"]}}]"}}, {"model": "admin.logentry", "pk": 72, "fields": {"action_time": "2021-05-31T11:52:52.095Z", "user": 1, "content_type": 15, "object_id": "8", "object_repr": "Killer FULL BODY Workout // Strength Workout", "action_flag": 2, "change_message": "[{\"changed\": {\"fields\": [\"Name\"]}}]"}}, {"model": "admin.logentry", "pk": 73, "fields": {"action_time": "2021-05-31T11:52:59.967Z", "user": 1, "content_type": 15, "object_id": "16", "object_repr": "25 minute interval cardio workout", "action_flag": 2, "change_message": "[{\"changed\": {\"fields\": [\"Name\"]}}]"}}, {"model": "admin.logentry", "pk": 74, "fields": {"action_time": "2021-05-31T11:53:09.223Z", "user": 1, "content_type": 15, "object_id": "13", "object_repr": "No Equipment INTENSE FULL BODY CRUSHER - HIIT WORKOUT", "action_flag": 2, "change_message": "[]"}}, {"model": "admin.logentry", "pk": 75, "fields": {"action_time": "2021-05-31T11:53:18.880Z", "user": 1, "content_type": 15, "object_id": "13", "object_repr": "INTENSE FULL BODY CRUSHER - HIIT WORKOUT", "action_flag": 2, "change_message": "[{\"changed\": {\"fields\": [\"Name\"]}}]"}}, {"model": "admin.logentry", "pk": 76, "fields": {"action_time": "2021-05-31T15:13:23.336Z", "user": 1, "content_type": 15, "object_id": "14", "object_repr": "15 MIN BEGINNER CARDIO Workout", "action_flag": 2, "change_message": "[{\"changed\": {\"fields\": [\"Video image\"]}}]"}}, {"model": "admin.logentry", "pk": 77, "fields": {"action_time": "2021-05-31T15:15:28.991Z", "user": 1, "content_type": 15, "object_id": "7", "object_repr": "20 MIN FULL BODY WORKOUT With Weights", "action_flag": 2, "change_message": "[{\"changed\": {\"fields\": [\"Video image\"]}}]"}}, {"model": "admin.logentry", "pk": 78, "fields": {"action_time": "2021-05-31T15:15:49.054Z", "user": 1, "content_type": 15, "object_id": "10", "object_repr": "20 Min Home Strength Workout for Men & Women at Home", "action_flag": 2, "change_message": "[{\"changed\": {\"fields\": [\"Video image\"]}}]"}}, {"model": "admin.logentry", "pk": 79, "fields": {"action_time": "2021-05-31T15:16:02.352Z", "user": 1, "content_type": 15, "object_id": "1", "object_repr": "20 Minute Toning Body Workout for Women", "action_flag": 2, "change_message": "[{\"changed\": {\"fields\": [\"Video image\"]}}]"}}, {"model": "admin.logentry", "pk": 80, "fields": {"action_time": "2021-05-31T15:16:27.432Z", "user": 1, "content_type": 15, "object_id": "16", "object_repr": "25 minute interval cardio workout", "action_flag": 2, "change_message": "[{\"changed\": {\"fields\": [\"Video image\"]}}]"}}, {"model": "admin.logentry", "pk": 81, "fields": {"action_time": "2021-05-31T15:16:38.190Z", "user": 1, "content_type": 15, "object_id": "4", "object_repr": "30 MIN ARMS & ABS WORKOUT || At-Home Pilates", "action_flag": 2, "change_message": "[{\"changed\": {\"fields\": [\"Video image\"]}}]"}}, {"model": "admin.logentry", "pk": 82, "fields": {"action_time": "2021-05-31T15:16:49.459Z", "user": 1, "content_type": 15, "object_id": "12", "object_repr": "30 MIN CALORIE KILLER HIIT Workout", "action_flag": 2, "change_message": "[{\"changed\": {\"fields\": [\"Video image\"]}}]"}}, {"model": "admin.logentry", "pk": 83, "fields": {"action_time": "2021-05-31T15:16:57.994Z", "user": 1, "content_type": 15, "object_id": "5", "object_repr": "30 Minute Beginner Weight Training for Beginners", "action_flag": 2, "change_message": "[{\"changed\": {\"fields\": [\"Video image\"]}}]"}}, {"model": "admin.logentry", "pk": 84, "fields": {"action_time": "2021-05-31T15:17:15.543Z", "user": 1, "content_type": 15, "object_id": "11", "object_repr": "30-Minute HIIT Cardio Workout with Warm Up", "action_flag": 2, "change_message": "[{\"changed\": {\"fields\": [\"Video image\"]}}]"}}, {"model": "admin.logentry", "pk": 85, "fields": {"action_time": "2021-05-31T15:17:27.969Z", "user": 1, "content_type": 15, "object_id": "15", "object_repr": "30-Minute Standing Cardio Workout", "action_flag": 2, "change_message": "[{\"changed\": {\"fields\": [\"Video image\"]}}]"}}, {"model": "admin.logentry", "pk": 86, "fields": {"action_time": "2021-05-31T15:17:38.601Z", "user": 1, "content_type": 15, "object_id": "9", "object_repr": "Full body HIIT Workout with Weights", "action_flag": 2, "change_message": "[{\"changed\": {\"fields\": [\"Video image\"]}}]"}}, {"model": "admin.logentry", "pk": 87, "fields": {"action_time": "2021-05-31T15:21:15.724Z", "user": 1, "content_type": 15, "object_id": "3", "object_repr": "Glutes, Thighs, and Abs, Toning Workout", "action_flag": 2, "change_message": "[{\"changed\": {\"fields\": [\"Video image\"]}}]"}}, {"model": "admin.logentry", "pk": 88, "fields": {"action_time": "2021-05-31T15:21:25.918Z", "user": 1, "content_type": 15, "object_id": "13", "object_repr": "INTENSE FULL BODY CRUSHER - HIIT WORKOUT", "action_flag": 2, "change_message": "[{\"changed\": {\"fields\": [\"Video image\"]}}]"}}, {"model": "admin.logentry", "pk": 89, "fields": {"action_time": "2021-05-31T15:21:35.736Z", "user": 1, "content_type": 15, "object_id": "8", "object_repr": "Killer FULL BODY Workout // Strength Workout", "action_flag": 2, "change_message": "[{\"changed\": {\"fields\": [\"Video image\"]}}]"}}, {"model": "admin.logentry", "pk": 90, "fields": {"action_time": "2021-05-31T15:21:44.259Z", "user": 1, "content_type": 15, "object_id": "17", "object_repr": "Low impact cardio workout for ALL fitness levels", "action_flag": 2, "change_message": "[{\"changed\": {\"fields\": [\"Video image\"]}}]"}}, {"model": "admin.logentry", "pk": 91, "fields": {"action_time": "2021-05-31T15:21:54.834Z", "user": 1, "content_type": 15, "object_id": "6", "object_repr": "Total Body Strength Training Without Weights for Women", "action_flag": 2, "change_message": "[{\"changed\": {\"fields\": [\"Video image\"]}}]"}}, {"model": "admin.logentry", "pk": 92, "fields": {"action_time": "2021-05-31T15:22:04.654Z", "user": 1, "content_type": 15, "object_id": "2", "object_repr": "Ultimate Pilates Toning Workout | 30 Minutes Abs, Glutes, Back", "action_flag": 2, "change_message": "[{\"changed\": {\"fields\": [\"Video image\"]}}]"}}, {"model": "admin.logentry", "pk": 93, "fields": {"action_time": "2021-05-31T15:34:23.276Z", "user": 1, "content_type": 15, "object_id": "1", "object_repr": "20 Minute Toning Body Workout for Women", "action_flag": 2, "change_message": "[]"}}, {"model": "admin.logentry", "pk": 94, "fields": {"action_time": "2021-05-31T15:34:44.642Z", "user": 1, "content_type": 15, "object_id": "10", "object_repr": "20 Min Home Strength Workout for Men & Women at Home", "action_flag": 2, "change_message": "[]"}}, {"model": "admin.logentry", "pk": 95, "fields": {"action_time": "2021-05-31T15:50:38.821Z", "user": 1, "content_type": 15, "object_id": "14", "object_repr": "15 MIN BEGINNER CARDIO Workout", "action_flag": 2, "change_message": "[{\"changed\": {\"fields\": [\"Video image url\"]}}]"}}, {"model": "admin.logentry", "pk": 96, "fields": {"action_time": "2021-05-31T15:50:42.820Z", "user": 1, "content_type": 15, "object_id": "7", "object_repr": "20 MIN FULL BODY WORKOUT With Weights", "action_flag": 2, "change_message": "[{\"changed\": {\"fields\": [\"Video image url\"]}}]"}}, {"model": "admin.logentry", "pk": 97, "fields": {"action_time": "2021-05-31T15:50:46.730Z", "user": 1, "content_type": 15, "object_id": "10", "object_repr": "20 Min Home Strength Workout for Men & Women at Home", "action_flag": 2, "change_message": "[{\"changed\": {\"fields\": [\"Video image url\"]}}]"}}, {"model": "admin.logentry", "pk": 98, "fields": {"action_time": "2021-05-31T15:50:50.956Z", "user": 1, "content_type": 15, "object_id": "1", "object_repr": "20 Minute Toning Body Workout for Women", "action_flag": 2, "change_message": "[{\"changed\": {\"fields\": [\"Video image url\"]}}]"}}, {"model": "admin.logentry", "pk": 99, "fields": {"action_time": "2021-05-31T15:50:55.355Z", "user": 1, "content_type": 15, "object_id": "16", "object_repr": "25 minute interval cardio workout", "action_flag": 2, "change_message": "[{\"changed\": {\"fields\": [\"Video image url\"]}}]"}}, {"model": "admin.logentry", "pk": 100, "fields": {"action_time": "2021-05-31T15:51:01.458Z", "user": 1, "content_type": 15, "object_id": "4", "object_repr": "30 MIN ARMS & ABS WORKOUT || At-Home Pilates", "action_flag": 2, "change_message": "[{\"changed\": {\"fields\": [\"Video image url\"]}}]"}}, {"model": "admin.logentry", "pk": 101, "fields": {"action_time": "2021-05-31T15:51:07.194Z", "user": 1, "content_type": 15, "object_id": "12", "object_repr": "30 MIN CALORIE KILLER HIIT Workout", "action_flag": 2, "change_message": "[{\"changed\": {\"fields\": [\"Video image url\"]}}]"}}, {"model": "admin.logentry", "pk": 102, "fields": {"action_time": "2021-05-31T15:51:12.972Z", "user": 1, "content_type": 15, "object_id": "5", "object_repr": "30 Minute Beginner Weight Training for Beginners", "action_flag": 2, "change_message": "[{\"changed\": {\"fields\": [\"Video image url\"]}}]"}}, {"model": "admin.logentry", "pk": 103, "fields": {"action_time": "2021-05-31T15:51:18.100Z", "user": 1, "content_type": 15, "object_id": "11", "object_repr": "30-Minute HIIT Cardio Workout with Warm Up", "action_flag": 2, "change_message": "[{\"changed\": {\"fields\": [\"Video image url\"]}}]"}}, {"model": "admin.logentry", "pk": 104, "fields": {"action_time": "2021-05-31T15:51:23.610Z", "user": 1, "content_type": 15, "object_id": "15", "object_repr": "30-Minute Standing Cardio Workout", "action_flag": 2, "change_message": "[{\"changed\": {\"fields\": [\"Video image url\"]}}]"}}, {"model": "admin.logentry", "pk": 105, "fields": {"action_time": "2021-05-31T15:51:28.146Z", "user": 1, "content_type": 15, "object_id": "9", "object_repr": "Full body HIIT Workout with Weights", "action_flag": 2, "change_message": "[{\"changed\": {\"fields\": [\"Video image url\"]}}]"}}, {"model": "admin.logentry", "pk": 106, "fields": {"action_time": "2021-05-31T15:51:32.807Z", "user": 1, "content_type": 15, "object_id": "3", "object_repr": "Glutes, Thighs, and Abs, Toning Workout", "action_flag": 2, "change_message": "[{\"changed\": {\"fields\": [\"Video image url\"]}}]"}}, {"model": "admin.logentry", "pk": 107, "fields": {"action_time": "2021-05-31T15:51:36.603Z", "user": 1, "content_type": 15, "object_id": "13", "object_repr": "INTENSE FULL BODY CRUSHER - HIIT WORKOUT", "action_flag": 2, "change_message": "[{\"changed\": {\"fields\": [\"Video image url\"]}}]"}}, {"model": "admin.logentry", "pk": 108, "fields": {"action_time": "2021-05-31T15:51:40.772Z", "user": 1, "content_type": 15, "object_id": "8", "object_repr": "Killer FULL BODY Workout // Strength Workout", "action_flag": 2, "change_message": "[{\"changed\": {\"fields\": [\"Video image url\"]}}]"}}, {"model": "admin.logentry", "pk": 109, "fields": {"action_time": "2021-05-31T15:51:44.992Z", "user": 1, "content_type": 15, "object_id": "17", "object_repr": "Low impact cardio workout for ALL fitness levels", "action_flag": 2, "change_message": "[{\"changed\": {\"fields\": [\"Video image url\"]}}]"}}, {"model": "admin.logentry", "pk": 110, "fields": {"action_time": "2021-05-31T15:51:49.149Z", "user": 1, "content_type": 15, "object_id": "6", "object_repr": "Total Body Strength Training Without Weights for Women", "action_flag": 2, "change_message": "[{\"changed\": {\"fields\": [\"Video image url\"]}}]"}}, {"model": "admin.logentry", "pk": 111, "fields": {"action_time": "2021-05-31T15:51:53.205Z", "user": 1, "content_type": 15, "object_id": "2", "object_repr": "Ultimate Pilates Toning Workout | 30 Minutes Abs, Glutes, Back", "action_flag": 2, "change_message": "[{\"changed\": {\"fields\": [\"Video image url\"]}}]"}}, {"model": "admin.logentry", "pk": 112, "fields": {"action_time": "2021-06-05T13:33:51.489Z", "user": 1, "content_type": 18, "object_id": "5", "object_repr": "656363E02A6C48E7861E410E09CEC1B0", "action_flag": 2, "change_message": "[{\"changed\": {\"name\": \"order line item\", \"object\": \"SKU 12346 on order 656363E02A6C48E7861E410E09CEC1B0\", \"fields\": [\"Quantity\"]}}]"}}, {"model": "admin.logentry", "pk": 113, "fields": {"action_time": "2021-06-05T13:41:43.346Z", "user": 1, "content_type": 18, "object_id": "7", "object_repr": "7590B5415A764EF6A356937CD1E52C59", "action_flag": 2, "change_message": "[{\"deleted\": {\"name\": \"order line item\", \"object\": \"SKU 12347 on order 7590B5415A764EF6A356937CD1E52C59\"}}, {\"deleted\": {\"name\": \"order line item\", \"object\": \"SKU 12353 on order 7590B5415A764EF6A356937CD1E52C59\"}}]"}}, {"model": "admin.logentry", "pk": 114, "fields": {"action_time": "2021-06-06T06:50:57.930Z", "user": 1, "content_type": 19, "object_id": "2", "object_repr": "testuser", "action_flag": 2, "change_message": "[{\"changed\": {\"fields\": [\"Default town or city\", \"Profile pic\"]}}]"}}, {"model": "admin.logentry", "pk": 115, "fields": {"action_time": "2021-06-06T07:23:32.298Z", "user": 1, "content_type": 19, "object_id": "1", "object_repr": "ffa_admin", "action_flag": 2, "change_message": "[{\"changed\": {\"fields\": [\"Profile pic\"]}}]"}}, {"model": "admin.logentry", "pk": 116, "fields": {"action_time": "2021-06-06T09:02:55.442Z", "user": 1, "content_type": 4, "object_id": "1", "object_repr": "ffa_admin", "action_flag": 2, "change_message": "[{\"changed\": {\"fields\": [\"First name\", \"Last name\"]}}]"}}, {"model": "admin.logentry", "pk": 117, "fields": {"action_time": "2021-06-06T09:58:16.663Z", "user": 1, "content_type": 19, "object_id": "3", "object_repr": "testuser2", "action_flag": 2, "change_message": "[{\"changed\": {\"fields\": [\"Profile pic\"]}}]"}}, {"model": "admin.logentry", "pk": 118, "fields": {"action_time": "2021-06-06T12:29:28.384Z", "user": 1, "content_type": 19, "object_id": "10", "object_repr": "testuser9", "action_flag": 2, "change_message": "[{\"changed\": {\"fields\": [\"Profile pic\"]}}]"}}, {"model": "admin.logentry", "pk": 119, "fields": {"action_time": "2021-06-06T14:30:33.211Z", "user": 1, "content_type": 14, "object_id": "29", "object_repr": "Heavy Duty Hammer", "action_flag": 3, "change_message": ""}}, {"model": "admin.logentry", "pk": 120, "fields": {"action_time": "2021-06-06T14:30:33.241Z", "user": 1, "content_type": 14, "object_id": "28", "object_repr": "item of cl;othing", "action_flag": 3, "change_message": ""}}, {"model": "admin.logentry", "pk": 121, "fields": {"action_time": "2021-06-06T16:19:42.693Z", "user": 1, "content_type": 19, "object_id": "1", "object_repr": "ffa_admin", "action_flag": 2, "change_message": "[{\"changed\": {\"fields\": [\"First name\", \"Last name\", \"Goal\"]}}]"}}, {"model": "admin.logentry", "pk": 122, "fields": {"action_time": "2021-06-06T16:20:48.975Z", "user": 1, "content_type": 19, "object_id": "1", "object_repr": "ffa_admin", "action_flag": 2, "change_message": "[{\"changed\": {\"fields\": [\"First name\", \"Last name\"]}}]"}}, {"model": "admin.logentry", "pk": 123, "fields": {"action_time": "2021-06-07T22:15:04.464Z", "user": 1, "content_type": 18, "object_id": "52", "object_repr": "F921FDDF7906487FB7EF592B612A8181", "action_flag": 3, "change_message": ""}}, {"model": "admin.logentry", "pk": 124, "fields": {"action_time": "2021-06-07T22:15:04.500Z", "user": 1, "content_type": 18, "object_id": "51", "object_repr": "2CC72B6483F84F448B1ED9D73AB7932E", "action_flag": 3, "change_message": ""}}, {"model": "admin.logentry", "pk": 125, "fields": {"action_time": "2021-06-07T22:15:04.531Z", "user": 1, "content_type": 18, "object_id": "50", "object_repr": "4F012DE2005640728E63E9BBE500EF33", "action_flag": 3, "change_message": ""}}, {"model": "admin.logentry", "pk": 126, "fields": {"action_time": "2021-06-07T22:15:04.564Z", "user": 1, "content_type": 18, "object_id": "49", "object_repr": "672C36401C484AC6B4577A7857C5D9A2", "action_flag": 3, "change_message": ""}}, {"model": "admin.logentry", "pk": 127, "fields": {"action_time": "2021-06-07T22:15:04.594Z", "user": 1, "content_type": 18, "object_id": "48", "object_repr": "919B486D1DAA4553AEEC2193647155BC", "action_flag": 3, "change_message": ""}}, {"model": "admin.logentry", "pk": 128, "fields": {"action_time": "2021-06-07T22:15:04.615Z", "user": 1, "content_type": 18, "object_id": "47", "object_repr": "A4847BF9FF174B4A9E34619FA931793E", "action_flag": 3, "change_message": ""}}, {"model": "admin.logentry", "pk": 129, "fields": {"action_time": "2021-06-07T22:15:04.646Z", "user": 1, "content_type": 18, "object_id": "46", "object_repr": "8A335E65715A40319F2B215ECB8B84B5", "action_flag": 3, "change_message": ""}}, {"model": "admin.logentry", "pk": 130, "fields": {"action_time": "2021-06-07T22:15:04.668Z", "user": 1, "content_type": 18, "object_id": "45", "object_repr": "9F78D788EA89482D87314E6D74FA3BC8", "action_flag": 3, "change_message": ""}}, {"model": "admin.logentry", "pk": 131, "fields": {"action_time": "2021-06-07T22:15:04.689Z", "user": 1, "content_type": 18, "object_id": "44", "object_repr": "A3A61E632BB94F9EBBB9C5434D7005AC", "action_flag": 3, "change_message": ""}}, {"model": "admin.logentry", "pk": 132, "fields": {"action_time": "2021-06-07T22:15:04.720Z", "user": 1, "content_type": 18, "object_id": "43", "object_repr": "737CBD8640C94AB6A45EC57F3F41D425", "action_flag": 3, "change_message": ""}}, {"model": "admin.logentry", "pk": 133, "fields": {"action_time": "2021-06-07T22:15:04.750Z", "user": 1, "content_type": 18, "object_id": "42", "object_repr": "33BD11571DC84C3191E2AF9B13412A65", "action_flag": 3, "change_message": ""}}, {"model": "admin.logentry", "pk": 134, "fields": {"action_time": "2021-06-07T22:15:04.771Z", "user": 1, "content_type": 18, "object_id": "41", "object_repr": "03A6B60286224E038F2559F33F4FC01C", "action_flag": 3, "change_message": ""}}, {"model": "admin.logentry", "pk": 135, "fields": {"action_time": "2021-06-07T22:15:04.793Z", "user": 1, "content_type": 18, "object_id": "40", "object_repr": "2FC998F9821C43DD812CD89E96D93641", "action_flag": 3, "change_message": ""}}, {"model": "admin.logentry", "pk": 136, "fields": {"action_time": "2021-06-07T22:15:04.816Z", "user": 1, "content_type": 18, "object_id": "39", "object_repr": "5EAEEC559D1549C8BC64DFE8C856CB4A", "action_flag": 3, "change_message": ""}}, {"model": "admin.logentry", "pk": 137, "fields": {"action_time": "2021-06-07T22:15:04.850Z", "user": 1, "content_type": 18, "object_id": "38", "object_repr": "843E7946B12C48AEA782D1AD01B71DCB", "action_flag": 3, "change_message": ""}}, {"model": "admin.logentry", "pk": 138, "fields": {"action_time": "2021-06-07T22:15:04.872Z", "user": 1, "content_type": 18, "object_id": "37", "object_repr": "71D7400193F6456EBE29BA964A797D3E", "action_flag": 3, "change_message": ""}}, {"model": "admin.logentry", "pk": 139, "fields": {"action_time": "2021-06-07T22:15:04.903Z", "user": 1, "content_type": 18, "object_id": "36", "object_repr": "86FC4265C84447B382FD47461F7A4F6D", "action_flag": 3, "change_message": ""}}, {"model": "admin.logentry", "pk": 140, "fields": {"action_time": "2021-06-07T22:15:04.927Z", "user": 1, "content_type": 18, "object_id": "35", "object_repr": "08BA5FAD0DFF478DB735D6AEC2599C0F", "action_flag": 3, "change_message": ""}}, {"model": "admin.logentry", "pk": 141, "fields": {"action_time": "2021-06-07T22:15:04.946Z", "user": 1, "content_type": 18, "object_id": "34", "object_repr": "6CD38EC3921D4B8090A6E6B4C85EC3D9", "action_flag": 3, "change_message": ""}}, {"model": "admin.logentry", "pk": 142, "fields": {"action_time": "2021-06-07T22:15:04.967Z", "user": 1, "content_type": 18, "object_id": "33", "object_repr": "0CAD52CDD4404774A09683A6DBA8B99D", "action_flag": 3, "change_message": ""}}, {"model": "admin.logentry", "pk": 143, "fields": {"action_time": "2021-06-07T22:15:04.988Z", "user": 1, "content_type": 18, "object_id": "32", "object_repr": "B2FB635E72E74CACBF07DC7C1BA4E70C", "action_flag": 3, "change_message": ""}}, {"model": "admin.logentry", "pk": 144, "fields": {"action_time": "2021-06-07T22:15:05.019Z", "user": 1, "content_type": 18, "object_id": "31", "object_repr": "9A6121F348A048CE865A551152F5FCC3", "action_flag": 3, "change_message": ""}}, {"model": "admin.logentry", "pk": 145, "fields": {"action_time": "2021-06-07T22:15:05.040Z", "user": 1, "content_type": 18, "object_id": "30", "object_repr": "CB39CF245498426DBA5C3A86DD915EF0", "action_flag": 3, "change_message": ""}}, {"model": "admin.logentry", "pk": 146, "fields": {"action_time": "2021-06-07T22:15:05.071Z", "user": 1, "content_type": 18, "object_id": "29", "object_repr": "5832ACCED58F480C98FAE34C018063D7", "action_flag": 3, "change_message": ""}}, {"model": "admin.logentry", "pk": 147, "fields": {"action_time": "2021-06-07T22:15:05.092Z", "user": 1, "content_type": 18, "object_id": "28", "object_repr": "2BD3BEBD496548FE8C3D276676133ACC", "action_flag": 3, "change_message": ""}}, {"model": "admin.logentry", "pk": 148, "fields": {"action_time": "2021-06-07T22:15:05.120Z", "user": 1, "content_type": 18, "object_id": "27", "object_repr": "5D50BFF1894D4CC4AB8BE035C36179C7", "action_flag": 3, "change_message": ""}}, {"model": "admin.logentry", "pk": 149, "fields": {"action_time": "2021-06-07T22:15:05.151Z", "user": 1, "content_type": 18, "object_id": "26", "object_repr": "69516E4EE9EC4EB993A2F0F21DAE6EC3", "action_flag": 3, "change_message": ""}}, {"model": "admin.logentry", "pk": 150, "fields": {"action_time": "2021-06-07T22:15:05.173Z", "user": 1, "content_type": 18, "object_id": "25", "object_repr": "BAC349CACA3D42A7A5FBEC13E4181E02", "action_flag": 3, "change_message": ""}}, {"model": "admin.logentry", "pk": 151, "fields": {"action_time": "2021-06-07T22:15:05.204Z", "user": 1, "content_type": 18, "object_id": "24", "object_repr": "5E58CDDD150843A38939828D95E80BD8", "action_flag": 3, "change_message": ""}}, {"model": "admin.logentry", "pk": 152, "fields": {"action_time": "2021-06-07T22:15:05.240Z", "user": 1, "content_type": 18, "object_id": "23", "object_repr": "B32018576F224A9481EDD20B21A03532", "action_flag": 3, "change_message": ""}}, {"model": "admin.logentry", "pk": 153, "fields": {"action_time": "2021-06-07T22:15:05.263Z", "user": 1, "content_type": 18, "object_id": "22", "object_repr": "F5E932A2E2FD45438C8717B7CC933D9C", "action_flag": 3, "change_message": ""}}, {"model": "admin.logentry", "pk": 154, "fields": {"action_time": "2021-06-07T22:15:05.285Z", "user": 1, "content_type": 18, "object_id": "21", "object_repr": "F3939644F5FC4458B3486BF2DA963345", "action_flag": 3, "change_message": ""}}, {"model": "admin.logentry", "pk": 155, "fields": {"action_time": "2021-06-07T22:15:05.307Z", "user": 1, "content_type": 18, "object_id": "20", "object_repr": "E1236C6D7EA54F07AE7DBD13F5FA9C26", "action_flag": 3, "change_message": ""}}, {"model": "admin.logentry", "pk": 156, "fields": {"action_time": "2021-06-07T22:15:05.329Z", "user": 1, "content_type": 18, "object_id": "19", "object_repr": "CFB0043709ED4F1D97175E9A10BFCDCF", "action_flag": 3, "change_message": ""}}, {"model": "admin.logentry", "pk": 157, "fields": {"action_time": "2021-06-07T22:15:05.349Z", "user": 1, "content_type": 18, "object_id": "18", "object_repr": "E1D649648C7140C98B700F54DFBA330E", "action_flag": 3, "change_message": ""}}, {"model": "admin.logentry", "pk": 158, "fields": {"action_time": "2021-06-07T22:15:05.367Z", "user": 1, "content_type": 18, "object_id": "17", "object_repr": "DE6D86A8EA09465CA14D7AE05007E341", "action_flag": 3, "change_message": ""}}, {"model": "admin.logentry", "pk": 159, "fields": {"action_time": "2021-06-07T22:15:05.388Z", "user": 1, "content_type": 18, "object_id": "16", "object_repr": "07F70579116441EF80718536FEC91FC3", "action_flag": 3, "change_message": ""}}, {"model": "admin.logentry", "pk": 160, "fields": {"action_time": "2021-06-07T22:15:05.419Z", "user": 1, "content_type": 18, "object_id": "15", "object_repr": "572331A5D57F42E682DA772A38A5689F", "action_flag": 3, "change_message": ""}}, {"model": "admin.logentry", "pk": 161, "fields": {"action_time": "2021-06-07T22:15:05.440Z", "user": 1, "content_type": 18, "object_id": "14", "object_repr": "A729A54CB0354BDCA4087C1B8B521B0B", "action_flag": 3, "change_message": ""}}, {"model": "admin.logentry", "pk": 162, "fields": {"action_time": "2021-06-07T22:15:05.461Z", "user": 1, "content_type": 18, "object_id": "13", "object_repr": "71FA5E5A5DA641B1AAA30390640328B4", "action_flag": 3, "change_message": ""}}, {"model": "admin.logentry", "pk": 163, "fields": {"action_time": "2021-06-07T22:15:05.493Z", "user": 1, "content_type": 18, "object_id": "12", "object_repr": "DA0DC216D5BE4ED7A7C8BEC0A10AEC98", "action_flag": 3, "change_message": ""}}, {"model": "admin.logentry", "pk": 164, "fields": {"action_time": "2021-06-07T22:15:05.514Z", "user": 1, "content_type": 18, "object_id": "11", "object_repr": "D0D3B50DF37D4A41901210430D8BDAD7", "action_flag": 3, "change_message": ""}}, {"model": "admin.logentry", "pk": 165, "fields": {"action_time": "2021-06-07T22:15:05.536Z", "user": 1, "content_type": 18, "object_id": "10", "object_repr": "3446D700A03842EFA5A75B75B2B266B8", "action_flag": 3, "change_message": ""}}, {"model": "admin.logentry", "pk": 166, "fields": {"action_time": "2021-06-07T22:15:05.567Z", "user": 1, "content_type": 18, "object_id": "9", "object_repr": "85EB5C5CC7AC48828EC98B28849962D5", "action_flag": 3, "change_message": ""}}, {"model": "admin.logentry", "pk": 167, "fields": {"action_time": "2021-06-07T22:15:05.588Z", "user": 1, "content_type": 18, "object_id": "8", "object_repr": "427306333F9B45ABAF5631B842D80FEB", "action_flag": 3, "change_message": ""}}, {"model": "admin.logentry", "pk": 168, "fields": {"action_time": "2021-06-07T22:15:05.618Z", "user": 1, "content_type": 18, "object_id": "7", "object_repr": "7590B5415A764EF6A356937CD1E52C59", "action_flag": 3, "change_message": ""}}, {"model": "admin.logentry", "pk": 169, "fields": {"action_time": "2021-06-07T22:15:05.639Z", "user": 1, "content_type": 18, "object_id": "6", "object_repr": "7226C472C82848F3B0061EAB6B980870", "action_flag": 3, "change_message": ""}}, {"model": "admin.logentry", "pk": 170, "fields": {"action_time": "2021-06-07T22:15:05.660Z", "user": 1, "content_type": 18, "object_id": "5", "object_repr": "656363E02A6C48E7861E410E09CEC1B0", "action_flag": 3, "change_message": ""}}, {"model": "admin.logentry", "pk": 171, "fields": {"action_time": "2021-06-07T22:15:05.691Z", "user": 1, "content_type": 18, "object_id": "4", "object_repr": "B1A064D7344B42AAA07E01F1CDCD025D", "action_flag": 3, "change_message": ""}}, {"model": "admin.logentry", "pk": 172, "fields": {"action_time": "2021-06-07T22:15:05.711Z", "user": 1, "content_type": 18, "object_id": "3", "object_repr": "B3925934D7F44A0FA7BC72C54C715108", "action_flag": 3, "change_message": ""}}, {"model": "admin.logentry", "pk": 173, "fields": {"action_time": "2021-06-07T22:15:05.732Z", "user": 1, "content_type": 18, "object_id": "2", "object_repr": "E8052AF8B1C047078111AD2FB6B12035", "action_flag": 3, "change_message": ""}}, {"model": "admin.logentry", "pk": 174, "fields": {"action_time": "2021-06-07T22:15:05.765Z", "user": 1, "content_type": 18, "object_id": "1", "object_repr": "9180857BC4784747BC0825D89CD92426", "action_flag": 3, "change_message": ""}}, {"model": "admin.logentry", "pk": 175, "fields": {"action_time": "2021-06-07T22:34:13.894Z", "user": 1, "content_type": 19, "object_id": "19", "object_repr": "testuser21", "action_flag": 3, "change_message": ""}}, {"model": "admin.logentry", "pk": 176, "fields": {"action_time": "2021-06-07T22:34:13.921Z", "user": 1, "content_type": 19, "object_id": "18", "object_repr": "testuser20", "action_flag": 3, "change_message": ""}}, {"model": "admin.logentry", "pk": 177, "fields": {"action_time": "2021-06-07T22:34:13.954Z", "user": 1, "content_type": 19, "object_id": "17", "object_repr": "testuser18", "action_flag": 3, "change_message": ""}}, {"model": "admin.logentry", "pk": 178, "fields": {"action_time": "2021-06-07T22:34:13.976Z", "user": 1, "content_type": 19, "object_id": "16", "object_repr": "testuser17", "action_flag": 3, "change_message": ""}}, {"model": "admin.logentry", "pk": 179, "fields": {"action_time": "2021-06-07T22:34:14.008Z", "user": 1, "content_type": 19, "object_id": "15", "object_repr": "testuser16", "action_flag": 3, "change_message": ""}}, {"model": "admin.logentry", "pk": 180, "fields": {"action_time": "2021-06-07T22:34:14.038Z", "user": 1, "content_type": 19, "object_id": "14", "object_repr": "testuser15", "action_flag": 3, "change_message": ""}}, {"model": "admin.logentry", "pk": 181, "fields": {"action_time": "2021-06-07T22:34:14.059Z", "user": 1, "content_type": 19, "object_id": "13", "object_repr": "testuser13", "action_flag": 3, "change_message": ""}}, {"model": "admin.logentry", "pk": 182, "fields": {"action_time": "2021-06-07T22:34:14.080Z", "user": 1, "content_type": 19, "object_id": "12", "object_repr": "testuser12", "action_flag": 3, "change_message": ""}}, {"model": "admin.logentry", "pk": 183, "fields": {"action_time": "2021-06-07T22:34:14.110Z", "user": 1, "content_type": 19, "object_id": "11", "object_repr": "testuser11", "action_flag": 3, "change_message": ""}}, {"model": "admin.logentry", "pk": 184, "fields": {"action_time": "2021-06-07T22:34:14.131Z", "user": 1, "content_type": 19, "object_id": "10", "object_repr": "testuser9", "action_flag": 3, "change_message": ""}}, {"model": "admin.logentry", "pk": 185, "fields": {"action_time": "2021-06-07T22:34:14.151Z", "user": 1, "content_type": 19, "object_id": "9", "object_repr": "testuser8", "action_flag": 3, "change_message": ""}}, {"model": "admin.logentry", "pk": 186, "fields": {"action_time": "2021-06-07T22:34:14.172Z", "user": 1, "content_type": 19, "object_id": "8", "object_repr": "testuser7", "action_flag": 3, "change_message": ""}}, {"model": "admin.logentry", "pk": 187, "fields": {"action_time": "2021-06-07T22:34:14.203Z", "user": 1, "content_type": 19, "object_id": "7", "object_repr": "testuser6", "action_flag": 3, "change_message": ""}}, {"model": "admin.logentry", "pk": 188, "fields": {"action_time": "2021-06-07T22:34:14.223Z", "user": 1, "content_type": 19, "object_id": "6", "object_repr": "testuser5", "action_flag": 3, "change_message": ""}}, {"model": "admin.logentry", "pk": 189, "fields": {"action_time": "2021-06-07T22:34:14.244Z", "user": 1, "content_type": 19, "object_id": "5", "object_repr": "testuser4", "action_flag": 3, "change_message": ""}}, {"model": "admin.logentry", "pk": 190, "fields": {"action_time": "2021-06-07T22:34:14.275Z", "user": 1, "content_type": 19, "object_id": "4", "object_repr": "testuser3", "action_flag": 3, "change_message": ""}}, {"model": "admin.logentry", "pk": 191, "fields": {"action_time": "2021-06-07T22:34:14.295Z", "user": 1, "content_type": 19, "object_id": "3", "object_repr": "testuser2", "action_flag": 3, "change_message": ""}}, {"model": "admin.logentry", "pk": 192, "fields": {"action_time": "2021-06-07T22:34:14.316Z", "user": 1, "content_type": 19, "object_id": "2", "object_repr": "testuser", "action_flag": 3, "change_message": ""}}, {"model": "admin.logentry", "pk": 193, "fields": {"action_time": "2021-06-07T22:34:14.346Z", "user": 1, "content_type": 19, "object_id": "1", "object_repr": "ffa_admin", "action_flag": 3, "change_message": ""}}, {"model": "admin.logentry", "pk": 194, "fields": {"action_time": "2021-06-07T22:34:35.998Z", "user": 1, "content_type": 4, "object_id": "11", "object_repr": "Testuser10", "action_flag": 3, "change_message": ""}}, {"model": "admin.logentry", "pk": 195, "fields": {"action_time": "2021-06-07T22:34:36.023Z", "user": 1, "content_type": 4, "object_id": "2", "object_repr": "testuser", "action_flag": 3, "change_message": ""}}, {"model": "admin.logentry", "pk": 196, "fields": {"action_time": "2021-06-07T22:34:36.045Z", "user": 1, "content_type": 4, "object_id": "12", "object_repr": "testuser11", "action_flag": 3, "change_message": ""}}, {"model": "admin.logentry", "pk": 197, "fields": {"action_time": "2021-06-07T22:34:36.065Z", "user": 1, "content_type": 4, "object_id": "13", "object_repr": "testuser12", "action_flag": 3, "change_message": ""}}, {"model": "admin.logentry", "pk": 198, "fields": {"action_time": "2021-06-07T22:34:36.097Z", "user": 1, "content_type": 4, "object_id": "14", "object_repr": "testuser13", "action_flag": 3, "change_message": ""}}, {"model": "admin.logentry", "pk": 199, "fields": {"action_time": "2021-06-07T22:34:36.118Z", "user": 1, "content_type": 4, "object_id": "15", "object_repr": "testuser14", "action_flag": 3, "change_message": ""}}, {"model": "admin.logentry", "pk": 200, "fields": {"action_time": "2021-06-07T22:34:36.139Z", "user": 1, "content_type": 4, "object_id": "16", "object_repr": "testuser15", "action_flag": 3, "change_message": ""}}, {"model": "admin.logentry", "pk": 201, "fields": {"action_time": "2021-06-07T22:34:36.171Z", "user": 1, "content_type": 4, "object_id": "17", "object_repr": "testuser16", "action_flag": 3, "change_message": ""}}, {"model": "admin.logentry", "pk": 202, "fields": {"action_time": "2021-06-07T22:34:36.192Z", "user": 1, "content_type": 4, "object_id": "18", "object_repr": "testuser17", "action_flag": 3, "change_message": ""}}, {"model": "admin.logentry", "pk": 203, "fields": {"action_time": "2021-06-07T22:34:36.218Z", "user": 1, "content_type": 4, "object_id": "19", "object_repr": "testuser18", "action_flag": 3, "change_message": ""}}, {"model": "admin.logentry", "pk": 204, "fields": {"action_time": "2021-06-07T22:34:36.240Z", "user": 1, "content_type": 4, "object_id": "3", "object_repr": "testuser2", "action_flag": 3, "change_message": ""}}, {"model": "admin.logentry", "pk": 205, "fields": {"action_time": "2021-06-07T22:34:36.258Z", "user": 1, "content_type": 4, "object_id": "20", "object_repr": "testuser20", "action_flag": 3, "change_message": ""}}, {"model": "admin.logentry", "pk": 206, "fields": {"action_time": "2021-06-07T22:34:36.280Z", "user": 1, "content_type": 4, "object_id": "21", "object_repr": "testuser21", "action_flag": 3, "change_message": ""}}, {"model": "admin.logentry", "pk": 207, "fields": {"action_time": "2021-06-07T22:34:36.301Z", "user": 1, "content_type": 4, "object_id": "4", "object_repr": "testuser3", "action_flag": 3, "change_message": ""}}, {"model": "admin.logentry", "pk": 208, "fields": {"action_time": "2021-06-07T22:34:36.323Z", "user": 1, "content_type": 4, "object_id": "5", "object_repr": "testuser4", "action_flag": 3, "change_message": ""}}, {"model": "admin.logentry", "pk": 209, "fields": {"action_time": "2021-06-07T22:34:36.345Z", "user": 1, "content_type": 4, "object_id": "6", "object_repr": "testuser5", "action_flag": 3, "change_message": ""}}, {"model": "admin.logentry", "pk": 210, "fields": {"action_time": "2021-06-07T22:34:36.377Z", "user": 1, "content_type": 4, "object_id": "7", "object_repr": "testuser6", "action_flag": 3, "change_message": ""}}, {"model": "admin.logentry", "pk": 211, "fields": {"action_time": "2021-06-07T22:34:36.398Z", "user": 1, "content_type": 4, "object_id": "8", "object_repr": "testuser7", "action_flag": 3, "change_message": ""}}, {"model": "admin.logentry", "pk": 212, "fields": {"action_time": "2021-06-07T22:34:36.421Z", "user": 1, "content_type": 4, "object_id": "9", "object_repr": "testuser8", "action_flag": 3, "change_message": ""}}, {"model": "admin.logentry", "pk": 213, "fields": {"action_time": "2021-06-07T22:34:36.452Z", "user": 1, "content_type": 4, "object_id": "10", "object_repr": "testuser9", "action_flag": 3, "change_message": ""}}, {"model": "auth.user", "pk": 1, "fields": {"password": "pbkdf2_sha256$260000$FOKP7hX83OFg7zTZ7d8WyX$WImb2czaxEA//qNOiaY0esYLS5kRyb19VyzFzSs/NUg=", "last_login": "2021-06-07T22:33:52.790Z", "is_superuser": true, "username": "ffa_admin", "first_name": "Admin", "last_name": "User", "email": "admin@ffa.com", "is_staff": true, "is_active": true, "date_joined": "2021-05-25T18:43:20Z", "groups": [], "user_permissions": []}}, {"model": "sessions.session", "pk": "190z3qtmwkxzff1dp3benrehojoeq6vd", "fields": {"session_data": "e30:1lqKIV:xwV30p76FXOO7JdIwUA-s0jKEGFpjiMbsXalLHkKQZw", "expire_date": "2021-06-21T18:48:27.629Z"}}, {"model": "sessions.session", "pk": "70rjxdzco5uco5hy00oty6lsc07lqjl7", "fields": {"session_data": "e30:1lqKH0:y1fQInnFomSr0YLmbBydCaXgsNRGSy5hqzPPQR24eS4", "expire_date": "2021-06-21T18:46:54.222Z"}}, {"model": "sessions.session", "pk": "emblx2896vtzuamrdx6h04wwrxxfjym0", "fields": {"session_data": "e30:1lqLcK:YN7IytfagQUbyBFXV9UxTDoDKpFtccwviYp5H3LdD1M", "expire_date": "2021-06-21T20:13:00.610Z"}}, {"model": "sessions.session", "pk": "eqgr1exhxo91zw2vnhlp80emlfw0fexk", "fields": {"session_data": ".eJxVjMEOwiAQRP-Fc0MKjbX06N1vILvsYlGEpC1ejP8uNY1Jb5P3ZuYtwLlc0mpfPAcfmCw_IUQxphJj87dl4VmMIopGWCjr9AM2UGXqyBDcg9Mm6A7plqXLaZ0Dyq0id7vIayaOl717OJhgmeraoSHlsTP-5HU_AGpkNjUA9ANxR2dQvfOtr9BVqgA9ateS0cYjDeLzBeNJS7U:1lqMg4:OzWgFBN5MzEy8rQRJNxT_TU6EnJGm8dZRDy2ncI0qOY", "expire_date": "2021-06-21T21:20:56.570Z"}}, {"model": "sessions.session", "pk": "gfgvld4h71jt5abxnxxnoh7odnv1ljvi", "fields": {"session_data": "e30:1lpl8L:4V9v5SMmejfdAKqmRZN5DbqhTro_u71j-AJakzls5kE", "expire_date": "2021-06-20T05:15:37.272Z"}}, {"model": "sessions.session", "pk": "i85tn8i1arcks02q9no9xhgtexzfsush", "fields": {"session_data": "e30:1lpl4m:V0HXHn3TOSj-WnwMSbrlcj0gmF1uYl8ZYMiD6TTS3i0", "expire_date": "2021-06-20T05:11:56.404Z"}}, {"model": "sessions.session", "pk": "rch24r2ak92is01qestmkzu37qgad1v0", "fields": {"session_data": "e30:1lqKCc:BORGG4YbVHKlo0smeOJfqAfktJtuQih6Eg1-pKFQq3M", "expire_date": "2021-06-21T18:42:22.108Z"}}, {"model": "sessions.session", "pk": "tj5z7jvyxzzvpxxnj2jum98sg4zuo4ip", "fields": {"session_data": ".eJxVjMEKwjAQRP8lZwlNSmvTo3e_Iexmd21UEmlaUMR_N4Ue9Da8eTNv5WFdJr8Wnn0kNSqjDr8MIdw4bQVdIV2yDjktc0S9KXpviz5n4vtpd_8OJihTXQd0ZARbJ53YfgC0yOxqAOgH4paOYPogjVQYKjWAgjY05KwTpGE7LVxKzMnz8xHnlxqbzxf5MEEn:1llcYQ:uNXKyYTiqvEjCtxZkKYGhgB8tpysRjF_ccZ_Tew_ALQ", "expire_date": "2021-06-08T19:17:26.865Z"}}, {"model": "sessions.session", "pk": "voxlvw9btnulj3m77pnvvpyhjt4w85ni", "fields": {"session_data": ".eJxVjMsOwiAURP-FtSGFRgSX7v0Gch9cqRpISrtq_Hdp0oXuJmfOzKYirEuOa0tznFhdlVGnX4ZAr1T2gp9QHlVTLcs8od4VfbRN3yun9-1w_w4ytNzXhIGN4BjkLNZ5QIsphR4AnOc08gWMIxmkQ-rUAApaGjjYIMhefb4ooTnq:1lqNpM:l1yzCww4rAsvZ4yo-NJdKFElH0lFCIA7msUJzj64X_o", "expire_date": "2021-06-21T22:34:36.614Z"}}, {"model": "sessions.session", "pk": "xwg8z0ercfe13yu04cn9j3c72lq87nby", "fields": {"session_data": ".eJxVjMsOwiAURP-FtSGFRgSX7v0Gch9cqRpISrtq_Hdp0oXuJmfOzKYirEuOa0tznFhdlVGnX4ZAr1T2gp9QHlVTLcs8od4VfbRN3yun9-1w_w4ytNzXhIGN4BjkLNZ5QIsphR4AnOc08gWMIxmkQ-rUAApaGjjYIMhefb4ooTnq:1lqNWU:DNJ9JxwoS1O1EN0FvjngzMgXEu8qfIjDDa9nXr3KKAI", "expire_date": "2021-06-21T22:15:06.016Z"}}, {"model": "sessions.session", "pk": "z7eir44ckk7dxuea2r78yw4ll5nmva18", "fields": {"session_data": "e30:1lqKKl:8riJg4YsSvN2r4Iu9jFR4rD5ChDegk9IuZ0QuRPZVz0", "expire_date": "2021-06-21T18:50:47.111Z"}}, {"model": "sites.site", "pk": 1, "fields": {"domain": "fitness_for_all.example.com", "name": "Fitness For All"}}, {"model": "account.emailaddress", "pk": 1, "fields": {"user": 1, "email": "admin@ffa.com", "verified": true, "primary": true}}, {"model": "shop.category", "pk": 1, "fields": {"name": "equipment", "friendly_name": "Equipment"}}, {"model": "shop.category", "pk": 2, "fields": {"name": "clothing", "friendly_name": "Clothing"}}, {"model": "shop.category", "pk": 3, "fields": {"name": "accessories", "friendly_name": "Accessories"}}, {"model": "shop.category", "pk": 4, "fields": {"name": "nutrition", "friendly_name": "Nutrition"}}, {"model": "shop.product", "pk": 1, "fields": {"category": 1, "sku": "12345", "name": "Body Power SP.IC20 Indoor Studio Cycle", "description": "Stylish and sturdy, the Body Power SP.IC20 Indoor Studio Cycle is a high performance studio bike designed to take your home cardio training up a level. Features a heavy 20kg flywheel, tension control resistance, LCD monitor, tablet holder, water bottle holder plus free water bottle.", "has_sizes": false, "price": "365.00", "image_url": null, "image": "bp_indoor_cycle_8SFfjvI.jpg"}}, {"model": "shop.product", "pk": 2, "fields": {"category": 1, "sku": "12346", "name": "Jordan Fitness 6kg Cast Iron Kettlebell", "description": "Upgrade your functional training equipment with the 6kg Jordan Cast Iron Kettlebells, manufactured with a high-grade matte powder coated finish and a smooth one-piece design", "has_sizes": false, "price": "29.99", "image_url": null, "image": "kettle_bell_YndFQT9.jpg"}}, {"model": "shop.product", "pk": 3, "fields": {"category": 1, "sku": "12347", "name": "Body Power 65Kg Olympic Dumbbell Set", "description": "This 65Kg Olympic Dumbbell Set comprises 2 x Olympic Dumbbell handles, Olympic Spring Collars, 8 x 5Kg, 4 x 2.5Kg and 4 x 1.25Kg machine finished Cast Iron Olympic Discs.", "has_sizes": false, "price": "265.00", "image_url": null, "image": "dumbells_dbSwLLE.jpg"}}, {"model": "shop.product", "pk": 4, "fields": {"category": 1, "sku": "12348", "name": "Body Power 85Kg Cast Iron TRI-GRIP Olympic Weight Set (6ft Bar)", "description": "The Body Power 85Kg TRI-GRIP Olympic Weight Set features a 6ft Chrome 320kg rated Olympic Bar that is perfect for strength training.", "has_sizes": false, "price": "295.00", "image_url": null, "image": "barbell_fYzimWR.jpg"}}, {"model": "shop.product", "pk": 5, "fields": {"category": 1, "sku": "12349", "name": "Bowflex Xtreme 2 SE Home Gym", "description": "The Bowflex SE 2 Home Gym delivers a total body workout in a space-efficient, all-in-one package. Features revolutionary no-change cable pulley system providing over 70 exercises. Solid construction with ergonomic, adjustable seat.", "has_sizes": false, "price": "919.00", "image_url": null, "image": "multi_gym_QB5dlkb.jpg"}}, {"model": "shop.product", "pk": 6, "fields": {"category": 1, "sku": "12350", "name": "BH Fitness Pioneer R3 Folding Treadmill", "description": "Part of BH Fitness’s Pioneer Series, the Pioneer R3 is a stable and secure treadmill that’s ideal for those looking to take up walking or jogging at home. Features include a 6-elastomer damping system, a 2.75 CV motor, 18km/h top speed and 12 pre-set programmes.", "has_sizes": false, "price": "675.00", "image_url": null, "image": "treadmill_lsgGSIL.jpg"}}, {"model": "shop.product", "pk": 7, "fields": {"category": 1, "sku": "12351", "name": "BH Fitness MYCRON C170 Cross Trainer with I-Concept Technology", "description": "Ideal for regular use in any home gym environment, the BH Fitness Mycron C170 Cross Trainer features 24 intensity levels, a 43.5cm stride, Bluetooth and telemetric heart rate monitoring, 12 pre-set programmes and iConcept for access to your favourite fitness apps.", "has_sizes": false, "price": "575.00", "image_url": null, "image": "cross_trainer_mKv2FUj.jpg"}}, {"model": "shop.product", "pk": 8, "fields": {"category": 2, "sku": "12352", "name": "JOMA WOMEN'S RECORD II VEST (YELLOW)", "description": "This particular running vest is also available in other colors; it is part of the Record II range made by Joma. The Joma range includes high manufactured and good quality goods that feature that latest sportswear technology such as DRY MX which will assist you throughout your exercise sessions to enable you to be the best you can be!", "has_sizes": true, "price": "17.99", "image_url": null, "image": "ladies_yellow_vest_BA6JFiP.jpg"}}, {"model": "shop.product", "pk": 9, "fields": {"category": 2, "sku": "12353", "name": "JOMA GIRLS (KIDS) VEST (GREEN)", "description": "If your child takes part in regular exercise then this piece of running clothing, then why not order this running vest, which will help your child to become the best they can be! Including all the latest sportswear technology, this will contribute to your optimum performance level. Also, to help with performance polyester has been used throughout this vest which is a lightweight material enabling a loose fit, to increase breathability and to maintain a low temperature.", "has_sizes": true, "price": "12.99", "image_url": null, "image": "ladies_green_vest_iqeJ5Dh.jpg"}}, {"model": "shop.product", "pk": 10, "fields": {"category": 2, "sku": "12354", "name": "NEW BALANCE MEN’S BLACK IMPACT RUN 5 INCH SHORTS", "description": "Produced using NB Dry technology, these exercise shorts for men are sure to keep you feeling cool and fresh due to the moisture wicking properties of the tech. Sweat is transported away from the surface of the skin and passed through the pants so that it can dry at an express rate from the outer layer.", "has_sizes": true, "price": "39.99", "image_url": null, "image": "mens_shorts_ASJU9zs.jpg"}}, {"model": "shop.product", "pk": 11, "fields": {"category": 2, "sku": "12355", "name": "NEW BALANCE MEN’S BLUE IMPACT RUN T-SHIRT", "description": "Step into summer with a vibrant training kit by ordering this bright blue training jersey today. Printed on the left-hand side of the chest is the New Balance logo and additional branding is seen to the rear of the neck.", "has_sizes": true, "price": "34.99", "image_url": null, "image": "mens_blue_t-shirt_wmT9KDF.jpg"}}, {"model": "shop.product", "pk": 12, "fields": {"category": 2, "sku": "12356", "name": "NEW BALANCE WOMEN’S ACCELERATE COLORBLOCK TIGHTS", "description": "Creating a Colorblock effect, these navy tights are decorated with bright blue and grey stripes along the length of the legs to add contrast to an otherwise dark pair of leggings. Completing the appearance of the bottoms, the New Balance logo is printed on the waistband and the inner layer is a bright blue colouring.", "has_sizes": true, "price": "37.99", "image_url": null, "image": "womens_tights_Whjuxi5.jpg"}}, {"model": "shop.product", "pk": 13, "fields": {"category": 2, "sku": "12357", "name": "NEW BALANCE MEN’S R.W.T LIGHTWEIGHT WOVEN JACKET", "description": "This New Balance jacket for men has been styled using a colour block appearance. The colours featured on this jacket are dark blue, light sky blue, grey and black which are accompanied by white New Balance branding on the chest and rear of the shoulder.\r\n\r\nEnsuring that you remain dry when the weather turns, this jacket has been created using a water-resistant fabric that does not allow the water to permeate through the garment to reach your body. Therefore, you can continue training in comfort no matter the weather by donning this lightweight jacket.", "has_sizes": true, "price": "79.99", "image_url": null, "image": "mens_jacket_ROn1qJm.jpg"}}, {"model": "shop.product", "pk": 14, "fields": {"category": 2, "sku": "12358", "name": "NEW BALANCE TENACITY DARK TEAL TRAINING T-SHIRT", "description": "Designed in dark teal this men’s training top can be worn as a casual t-shirt or when training in the gym. A crew style neckline provides a modern feel to the t-shirt and the New Balance logo appears in black print on the chest.\r\n\r\nThe training top is part of New Balance’s athletic range and is made from 100% Polyester that is lightweight and won’t restrict your performance. In addition, NB DRY technology will actively wick sweat and moisture away from the skin so you can concentrate on your performance.", "has_sizes": true, "price": "24.99", "image_url": null, "image": "dark_teal_t_shirt_gwYo0aI.jpg"}}, {"model": "shop.product", "pk": 15, "fields": {"category": 3, "sku": "12359", "name": "Body Power 4ft x 3ft Floor Protector Mat", "description": "The 48\" x 36\" (4ft x 3ft) Floor Protector Mat is ideal for protecting your floor when placed beneath Cycles and Compact Elliptical Cross Trainers.", "has_sizes": false, "price": "24.99", "image_url": null, "image": "exercise_matt_GTXM8R9.jpg"}}, {"model": "shop.product", "pk": 16, "fields": {"category": 3, "sku": "12360", "name": "Bowflex Bluetooth Heart Rate Armband", "description": "Less obtrusive than a chest strap, this armband lets you monitor your heart rate while you train. Made from ABS and Leice (Lycra), the armband features a Velcro strap for secure fastening and sweat resistant (IPX – 7), it’s ideal for those intense HIIT sessions. This slim, comfortable armband is a Bluetooth® BLE heart rate device, equipped with an optics sensor that monitors your heart rate", "has_sizes": false, "price": "59.99", "image_url": null, "image": "heartrate_watch_FtIMogt.jpg"}}, {"model": "shop.product", "pk": 17, "fields": {"category": 3, "sku": "12361", "name": "Body Power 55cm Gym Ball With Pump (300Kg Burst Resistant) Grey", "description": "Suitable for a wide range of core, strength, flexibility, preparation and recovery exercises, the Body Power Gym Ball is a must have piece of fitness equipment. Size: 55cm – pump included.", "has_sizes": false, "price": "19.99", "image_url": null, "image": "gym_ball_R422gar.jpg"}}, {"model": "shop.product", "pk": 18, "fields": {"category": 3, "sku": "12362", "name": "Body Power Mini Bands (Set of 4)", "description": "Add extra resistance to your training with the Body Power Mini Band Set of 4, featuring four colour coordinated bands from Light to Extra Heavy.", "has_sizes": false, "price": "7.99", "image_url": null, "image": "resistance_bands_N4O0wya.jpg"}}, {"model": "shop.product", "pk": 19, "fields": {"category": 3, "sku": "12363", "name": "Body Power Hydration Water Bottle", "description": "Stay hydrated with our new 520ml Body Power Hydration Water Bottle, completely BPA free and finishes with a smart black and red design and for essential hydration on the go.", "has_sizes": false, "price": "4.99", "image_url": null, "image": "water_bottle_8sp2WCe.jpg"}}, {"model": "shop.product", "pk": 20, "fields": {"category": 3, "sku": "12364", "name": "Fitness-MAD Hi-Speed 2 way Power Pump", "description": "2-way hi-pressure Swiss Ball pump This pump makes blowing up a Swiss ball a breeze with two-way action for faster inflation", "has_sizes": false, "price": "7.99", "image_url": null, "image": "pump_MIkgSa2.jpg"}}, {"model": "shop.product", "pk": 21, "fields": {"category": 3, "sku": "12365", "name": "Reebok Step", "description": "Ideal for home gyms and studio workout environments, the Reebok Step is the perfect HIIT companion. Height adjustable, users can customise the intensity of workouts, and store it away easily.", "has_sizes": false, "price": "109.99", "image_url": null, "image": "fitness_step_FDmR0mS.jpg"}}, {"model": "shop.product", "pk": 22, "fields": {"category": 4, "sku": "12366", "name": "Protein Brownie (box of 12)", "description": "With up to 75% less sugar than standard supermarket alternatives, enjoy an afternoon pick-me-up without ruining all your hard-earned progress.\r\n\r\nCreated with heaps of delicious cocoa powder and baked with sweet chocolate chips, our Protein Brownies are packed with 23g of protein for an indulgent everyday treat.", "has_sizes": false, "price": "24.99", "image_url": null, "image": "protein_brownie_lS0KfkC.jpg"}}, {"model": "shop.product", "pk": 23, "fields": {"category": 4, "sku": "12367", "name": "Vegan Vitamin D3 Softgels", "description": "Plant-based sunshine vitamin, for everyday wellbeing — whatever the weather", "has_sizes": false, "price": "11.99", "image_url": null, "image": "vitamin_d_5JtkmTs.jpg"}}, {"model": "shop.product", "pk": 24, "fields": {"category": 4, "sku": "12368", "name": "Creatine Monohydrate Tablets", "description": "Getting creatine from your diet alone can be difficult as it’s mainly found in meat and fish — these tablets provide a quick way to hit your daily requirements without the fuss of meal prep, plus they’re vegetarian-friendly.", "has_sizes": false, "price": "18.99", "image_url": null, "image": "creatine_monohydrate_mhEJC8Z.jpg"}}, {"model": "shop.product", "pk": 25, "fields": {"category": 4, "sku": "12369", "name": "Pure Caffeine Tablets", "description": "A popular pre-workout ingredient, our Pure Caffeine tablets deliver a boost of caffeine — to power you through even the toughest of workouts.\r\n\r\nCaffeine helps to improve endurance performance and capacity, so you can get the most from every session and push past your limits.", "has_sizes": false, "price": "8.00", "image_url": null, "image": "caffeine_tablets_cDClqB1.jpg"}}, {"model": "shop.product", "pk": 26, "fields": {"category": 4, "sku": "12370", "name": "All-Natural Peanut Butter", "description": "Created with a blend of roasted brown peanuts, our Crunchy Peanut Butter is all-natural and a great source of protein — ideal for supporting your training and curbing your cravings.\r\n\r\nPlus, it’s free from added salt, sugar, palm oil, and preservatives, while being packed with fibre and the essential nutrients vitamin E and magnesium, this super-nutritious snack is the sweet and simple way to keep your training on track.", "has_sizes": false, "price": "9.99", "image_url": "https://8000-apricot-tick-uzbzv6w0.ws-eu08.gitpod.io/media/", "image": ""}}, {"model": "shop.product", "pk": 27, "fields": {"category": 4, "sku": "12371", "name": "Vegan Protein Blend", "description": "Completely free from artificial colours and flavours, our all-natural Vegan Protein Powder is a blend of pea and fava bean protein isolates, to enhance your plant-powdered diet. Oh, and it’s low in sugar and delicious too.", "has_sizes": false, "price": "11.99", "image_url": null, "image": "vegan_protein_uIsHPUf.jpg"}}, {"model": "workouts.category", "pk": 1, "fields": {"name": "hiit", "friendly_name": "HIIT"}}, {"model": "workouts.category", "pk": 2, "fields": {"name": "toning", "friendly_name": "Toning"}}, {"model": "workouts.category", "pk": 3, "fields": {"name": "cardio", "friendly_name": "Cardio"}}, {"model": "workouts.category", "pk": 4, "fields": {"name": "strength", "friendly_name": "Strength"}}, {"model": "workouts.workouts", "pk": 1, "fields": {"category": 2, "name": "20 Minute Toning Body Workout for Women", "description": "This toning body workout for women is specifically designed for women but can also be followed along by men of course.  It consists of 15 different body toning exercises with weights (in the form of dumbbells, but you can use water bottles etc. if you like)", "video_url": "https://www.youtube.com/embed/VVMIKFMkjoQ", "video_image": "20min_toning_lnBW9L3.png"}}, {"model": "workouts.workouts", "pk": 2, "fields": {"category": 2, "name": "Ultimate Pilates Toning Workout | 30 Minutes Abs, Glutes, Back", "description": "Here's your ultimate 30 minute Pilates workout as part of the 2 week pilates challenge calendar. The routine is the ultimate pilates abs, glutes, back and waist workout and will work on toning and lengthening from head to toe but also keep your pilates posture and form.", "video_url": "https://www.youtube.com/embed/FQRoS0KsQBo", "video_image": "ultimate_pilates_toning_8ND0kqS.png"}}, {"model": "workouts.workouts", "pk": 3, "fields": {"category": 2, "name": "Glutes, Thighs, and Abs, Toning Workout", "description": "Tighten and tone your butt and legs with this no-equipment workout from Victoria's Secret model trainer Stephen Pasterino. His P.Volve method focuses on building long, lean muscle tone and eliminating bulk...", "video_url": "https://www.youtube.com/embed/Qy-XWqFagV0", "video_image": "glutes_thighs_and_abs_mACAOxL.png"}}, {"model": "workouts.workouts", "pk": 4, "fields": {"category": 2, "name": "30 MIN ARMS & ABS WORKOUT || At-Home Pilates", "description": "Work your arms & abs with this 30 Minute Dynamic Pilates Workout! All you need is a set of light hand weights (I'm using 1kg weights) or you can get creative and use household items, e.g. canned foods or water bottles.", "video_url": "https://www.youtube.com/embed/fs84obrlYoE", "video_image": "30min_armsabs.png"}}, {"model": "workouts.workouts", "pk": 5, "fields": {"category": 4, "name": "30 Minute Beginner Weight Training for Beginners", "description": "30 Minute Beginner Weight Training for Beginners - Home Strength Training Full Body Dumbbell Workout instructions", "video_url": "https://www.youtube.com/embed/QAuGN3nd6AU", "video_image": "30min_beginner_weights_lAmf7e9.png"}}, {"model": "workouts.workouts", "pk": 6, "fields": {"category": 4, "name": "Total Body Strength Training Without Weights for Women", "description": "Strength Training does not mean lifting weights! You CAN strength train using only your BODYWEIGHT. This workout is low impact and great for beginners too.", "video_url": "https://www.youtube.com/embed/mUns8O4YL5M", "video_image": "total_body_strength_QEcBJ2P.png"}}, {"model": "workouts.workouts", "pk": 7, "fields": {"category": 4, "name": "20 MIN FULL BODY WORKOUT With Weights", "description": "Full body exercises to get you sweating and muscles burning in only 20 MINUTES! This home strength workout uses 2 sets of dumbbells, but you can use whatever you have available to you at home!", "video_url": "https://www.youtube.com/embed/pdtf6bnUpzk", "video_image": "20min_full_body_wrkout_WPfDnTX.png"}}, {"model": "workouts.workouts", "pk": 8, "fields": {"category": 4, "name": "Killer FULL BODY Workout // Strength Workout", "description": "Burn fat + build strength with this Full Body Strength Workout - from home or the gym! (I'm using a set of 10lb weights + a 25lb dumbbell)", "video_url": "https://www.youtube.com/embed/9AblIT812Jg", "video_image": "killer_full_body_lzmvp4Z.png"}}, {"model": "workouts.workouts", "pk": 9, "fields": {"category": 1, "name": "Full body HIIT Workout with Weights", "description": "30 exercises in 30 minutes in this No Repeat workout. We are targeting the full body with today's HIIT workout and we are using weights to increase the intensity, burn fat and build strength!", "video_url": "https://www.youtube.com/embed/cuHwoCWFLIw", "video_image": "full_body_hiit_G1C866y.png"}}, {"model": "workouts.workouts", "pk": 10, "fields": {"category": 4, "name": "20 Min Home Strength Workout for Men & Women at Home", "description": "The #1 Home Strength Training Workout with motivational trainer Coach Kozak. This total body dumbbell workout for men and for women will push and challenge you to new limits.", "video_url": "https://www.youtube.com/embed/S2_WWmxZI3g", "video_image": "20min_home_strength_aS68bAa.png"}}, {"model": "workouts.workouts", "pk": 11, "fields": {"category": 1, "name": "30-Minute HIIT Cardio Workout with Warm Up", "description": "In this high intensity cardio bodyweight workout from trainer Lita Lewis, you’ll spike your heart rate with high-knees, fast feet, and star jumps; plus work your core and lower body with jumping lunges and planks - at home! No equipment needed!", "video_url": "https://www.youtube.com/embed/ml6cT4AZdqI", "video_image": "30min_hiit_uPmva5f.png"}}, {"model": "workouts.workouts", "pk": 12, "fields": {"category": 1, "name": "30 MIN CALORIE KILLER HIIT Workout", "description": "Here's a killer post-Christmas Cookie Burner workout for you all! Time to get the heart pumping, burn some calories and sweat it out. Grab your mat, a bottle of water and let's do it team!", "video_url": "https://www.youtube.com/embed/jpizoUy4K9s", "video_image": "30min_calorie_killer_VeFnOkx.png"}}, {"model": "workouts.workouts", "pk": 13, "fields": {"category": 1, "name": "INTENSE FULL BODY CRUSHER - HIIT WORKOUT", "description": "30 Minute Bodyweight Only Workout (No Equipment needed) - No Repeat - Stronger Together!\r\nTabata is an advanced level of the workout and is not suitable for beginners. If you are a newbie start with simple and easy exercise before attempting Tabata. Performing Tabata, in the beginning, might strain your muscles and you may get injured.", "video_url": "https://www.youtube.com/embed/-YpRYNREDV8", "video_image": "intense_full_body_e813o8i.png"}}, {"model": "workouts.workouts", "pk": 14, "fields": {"category": 3, "name": "15 MIN BEGINNER CARDIO Workout", "description": "Do this 15 minute beginner, full body, cardio workout at home! This is a non-stop cardio routine with basic, low impact exercises for beginners. No equipment needed. Just yourself!", "video_url": "https://www.youtube.com/embed/VWj8ZxCxrYk", "video_image": "15min_beginner_cardio_W446muK.png"}}, {"model": "workouts.workouts", "pk": 15, "fields": {"category": 3, "name": "30-Minute Standing Cardio Workout", "description": "Get your heart rate up without taking it to the mat with this standing cardio workout that you can do anywhere! These cardio exercises will jump-start your endurance and leave every muscle worked!", "video_url": "https://www.youtube.com/embed/-YJXpabrX4k", "video_image": "30min_standing_cardio_NcmvAdb.png"}}, {"model": "workouts.workouts", "pk": 16, "fields": {"category": 3, "name": "25 minute interval cardio workout", "description": "In this short interval cardio workout - Daniel Bartlett of Body Project takes you through a series of combination cardio exercises that will get your heart rate high and turn your Body into a calorie and fat burning machine.", "video_url": "https://www.youtube.com/embed/zXK6oXwRr1U", "video_image": "25min_interval_cardio_24vVC6W.png"}}, {"model": "workouts.workouts", "pk": 17, "fields": {"category": 3, "name": "Low impact cardio workout for ALL fitness levels", "description": "At home cardio workout with Team Body Project, Daniel and Alexandra Bartlett. Includes warm up and cool down.", "video_url": "https://www.youtube.com/embed/3SpPraOLJl4", "video_image": "low_impact_cardio_RJU51uz.png"}}]